-- ============================================================
-- Data export from Lovable Cloud
-- Generated: 2026-03-17
-- ============================================================

-- Disable triggers during import
SET session_replication_role = 'replica';

-- ============================================================
-- 1. CATEGORIES (4 rows)
-- ============================================================
INSERT INTO categories (id, name_en, name_bn, description_en, description_bn, icon, sort_order, is_active, created_at, updated_at) VALUES
('9f96b5e4-f162-4590-b674-63cd42fc68c7', 'Corporate Gift Items', 'কর্পোরেট গিফট আইটেম', 'Tie, Crystal, Pen, Key Ring and more — custom-branded for your organization.', 'টাই, ক্রিস্টাল, কলম, কী-রিং এবং আরও অনেক কিছু — আপনার প্রতিষ্ঠানের ব্র্যান্ডে কাস্টমাইজড।', 'Gift', 1, true, '2026-02-15 06:55:30.345267+00', '2026-02-15 06:55:30.345267+00'),
('34a7db51-39be-450f-95e7-093f1efe00c8', 'Office Accessories', 'অফিস আনুষাঙ্গিক', 'Wooden Tissue Box, Desk Organizer, Pen Holder — elegant office essentials.', 'কাঠের টিস্যু বক্স, ডেস্ক অর্গানাইজার, পেন হোল্ডার — মার্জিত অফিস সামগ্রী।', 'Monitor', 2, true, '2026-02-15 06:55:30.345267+00', '2026-02-15 06:55:30.345267+00'),
('99a19d25-6859-468f-bad5-958aa2ebdebf', 'Leather Products', 'লেদার পণ্য', 'Executive File, Document Folder — premium leather craftsmanship.', 'এক্সিকিউটিভ ফাইল, ডকুমেন্ট ফোল্ডার — প্রিমিয়াম লেদার কারুশিল্প।', 'Briefcase', 3, true, '2026-02-15 06:55:30.345267+00', '2026-02-15 06:55:30.345267+00'),
('0fcf8daf-1ed2-4918-a875-9d7266e31f04', 'Customized Glass & Crystal', 'কাস্টমাইজড গ্লাস ও ক্রিস্টাল', 'Award trophies, souvenirs and decorative crystal pieces with custom engraving.', 'অ্যাওয়ার্ড ট্রফি, স্মারক ও কাস্টম খোদাই সহ সজ্জিত ক্রিস্টাল পিস।', 'GlassWater', 4, true, '2026-02-15 06:55:30.345267+00', '2026-02-15 06:55:30.345267+00')
ON CONFLICT (id) DO NOTHING;

-- ============================================================
-- 2. PRODUCTS (25 rows)
-- ============================================================
INSERT INTO products (id, name_en, name_bn, description_en, description_bn, image_url, category_id, product_code, sort_order, is_active, created_at, updated_at) VALUES
('523ee808-b43a-4e4d-a057-64209110fb65', 'Premium Silk Tie Set', 'প্রিমিয়াম সিল্ক টাই সেট', 'Elegant silk tie set with custom branding options for corporate events.', 'কর্পোরেট ইভেন্টের জন্য কাস্টম ব্র্যান্ডিং সহ মার্জিত সিল্ক টাই সেট।', 'https://ggwpmrrtqocjcsnwqxze.supabase.co/storage/v1/object/public/cms-images/products-nobg/ties-collection.png', '9f96b5e4-f162-4590-b674-63cd42fc68c7', 'premium-silk-tie-set', 1, true, '2026-02-15 09:15:23.837316+00', '2026-02-20 06:30:27.65938+00'),
('ff581934-d0ab-4355-8fc5-092a0d579cb5', 'Crystal Award Trophy', 'ক্রিস্টাল অ্যাওয়ার্ড ট্রফি', 'Handcrafted crystal trophy for recognition and awards ceremonies.', 'স্বীকৃতি এবং পুরস্কার অনুষ্ঠানের জন্য হাতে তৈরি ক্রিস্টাল ট্রফি।', 'https://ggwpmrrtqocjcsnwqxze.supabase.co/storage/v1/object/public/cms-images/products-nobg/crystal-cube-padma.png', '0fcf8daf-1ed2-4918-a875-9d7266e31f04', 'crystal-award-trophy', 3, true, '2026-02-15 09:15:23.837316+00', '2026-02-20 06:30:27.65938+00'),
('75449b6b-f826-4037-ae32-871b1230ada1', 'Executive Pen Set', 'এক্সিকিউটিভ পেন সেট', 'Premium metal pen set in a luxury gift box with engraving.', 'খোদাই সহ বিলাসবহুল গিফট বক্সে প্রিমিয়াম ধাতব পেন সেট।', 'https://ggwpmrrtqocjcsnwqxze.supabase.co/storage/v1/object/public/cms-images/products-nobg/custom-branded-pens.png', '34a7db51-39be-450f-95e7-093f1efe00c8', 'executive-pen-set', 4, true, '2026-02-15 09:15:23.837316+00', '2026-03-17 05:25:06.971798+00'),
('84dbf939-441a-4b7b-8384-0169c45de575', 'Custom USB Flash Drive', 'কাস্টম ইউএসবি ফ্ল্যাশ ড্রাইভ', '16GB USB drive with custom shape and company branding.', 'কাস্টম আকৃতি এবং কোম্পানি ব্র্যান্ডিং সহ ১৬ জিবি ইউএসবি ড্রাইভ।', 'https://ggwpmrrtqocjcsnwqxze.supabase.co/storage/v1/object/public/cms-images/products-nobg/wooden-pen-stand.png', '34a7db51-39be-450f-95e7-093f1efe00c8', 'custom-usb-flash-drive', 5, true, '2026-02-15 09:15:23.837316+00', '2026-02-20 06:30:27.65938+00'),
('003ffb59-ce2f-4a72-a4c4-2e53b8b2d0fb', 'Branded Coffee Mug', 'ব্র্যান্ডেড কফি মগ', 'Ceramic mug with full-color logo printing, ideal for office gifts.', 'অফিস গিফটের জন্য আদর্শ, পূর্ণ-রঙের লোগো প্রিন্টিং সহ সিরামিক মগ।', 'https://ggwpmrrtqocjcsnwqxze.supabase.co/storage/v1/object/public/cms-images/products-nobg/custom-thermos.png', '9f96b5e4-f162-4590-b674-63cd42fc68c7', 'branded-coffee-mug', 6, true, '2026-02-15 09:15:23.837316+00', '2026-02-20 06:30:27.65938+00'),
('bc3f59eb-1984-4b9c-9f8b-5c8624b3f5df', 'Leather Laptop Bag', 'লেদার ল্যাপটপ ব্যাগ', 'Professional leather laptop bag with padded compartments.', 'প্যাডেড কম্পার্টমেন্ট সহ প্রফেশনাল চামড়ার ল্যাপটপ ব্যাগ।', 'https://ggwpmrrtqocjcsnwqxze.supabase.co/storage/v1/object/public/cms-images/products-nobg/leather-zippered-folder.png', '99a19d25-6859-468f-bad5-958aa2ebdebf', 'leather-laptop-bag', 7, true, '2026-02-15 09:15:23.837316+00', '2026-02-20 06:30:27.65938+00'),
('1c76cdbe-af31-4c70-ae6f-df25e3a2fd5b', 'Glass Paperweight', 'গ্লাস পেপারওয়েট', 'Engraved glass paperweight with 3D laser design inside.', 'ভিতরে 3D লেজার ডিজাইন সহ খোদাই করা গ্লাস পেপারওয়েট।', 'https://ggwpmrrtqocjcsnwqxze.supabase.co/storage/v1/object/public/cms-images/products-nobg/crystal-paperweight.png', '0fcf8daf-1ed2-4918-a875-9d7266e31f04', 'glass-paperweight', 8, true, '2026-02-15 09:15:23.837316+00', '2026-02-20 06:30:27.65938+00'),
('1f6c9a88-4a5b-4442-9b79-a1a288453129', 'Desk Organizer Set', 'ডেস্ক অর্গানাইজার সেট', 'Wooden desk organizer with clock and branding space.', 'ঘড়ি এবং ব্র্যান্ডিং স্পেস সহ কাঠের ডেস্ক অর্গানাইজার।', 'https://ggwpmrrtqocjcsnwqxze.supabase.co/storage/v1/object/public/cms-images/products-nobg/crystal-pen-holder-pens.png', '34a7db51-39be-450f-95e7-093f1efe00c8', 'desk-organizer-set', 9, true, '2026-02-15 09:15:23.837316+00', '2026-02-20 06:30:27.65938+00'),
('1193c6bc-c9a9-494a-8a87-077acf5b7811', 'Custom Medal & Badge', 'কাস্টম মেডেল ও ব্যাজ', 'Die-cast medals and badges with custom design and ribbon.', 'কাস্টম ডিজাইন এবং রিবন সহ ডাই-কাস্ট মেডেল এবং ব্যাজ।', 'https://ggwpmrrtqocjcsnwqxze.supabase.co/storage/v1/object/public/cms-images/products-nobg/crystal-round-bpatc.png', '9f96b5e4-f162-4590-b674-63cd42fc68c7', 'custom-medal-badge', 10, true, '2026-02-15 09:15:23.837316+00', '2026-02-20 06:30:27.65938+00'),
('906527cd-457d-46dc-bbf1-d6500b2636c6', 'Promotional T-Shirt', 'প্রমোশনাল টি-শার্ট', 'High-quality cotton t-shirt with screen-printed logo.', 'স্ক্রিন-প্রিন্টেড লোগো সহ উচ্চ-মানের কটন টি-শার্ট।', 'https://ggwpmrrtqocjcsnwqxze.supabase.co/storage/v1/object/public/cms-images/products-nobg/product-display-all.png', '9f96b5e4-f162-4590-b674-63cd42fc68c7', 'promotional-tshirt', 11, true, '2026-02-15 09:15:23.837316+00', '2026-02-20 06:30:27.65938+00'),
('f1ec7cda-4c8e-4edc-a0c1-b7f851a21b83', 'Leather Card Holder', 'লেদার কার্ড হোল্ডার', 'Slim leather business card holder with magnetic closure.', 'ম্যাগনেটিক ক্লোজার সহ স্লিম লেদার বিজনেস কার্ড হোল্ডার।', 'https://ggwpmrrtqocjcsnwqxze.supabase.co/storage/v1/object/public/cms-images/products-nobg/blue-leather-file.png', '99a19d25-6859-468f-bad5-958aa2ebdebf', 'leather-card-holder', 12, true, '2026-02-15 09:15:23.837316+00', '2026-02-20 06:30:27.65938+00'),
('8b854ba6-0dcd-4e0a-89fa-f4511ce6f069', 'Executive Conference Folder – Canvas Edition', 'এক্সিকিউটিভ কনফারেন্স ফোল্ডার – ক্যানভাস এডিশন', 'Premium executive conference folder crafted from high-quality canvas material. Perfect for corporate meetings, conferences, and professional presentations. Customizable with your company logo in multiple designs and colors.', 'উচ্চমানের ক্যানভাস উপাদানে তৈরি প্রিমিয়াম এক্সিকিউটিভ কনফারেন্স ফোল্ডার। কর্পোরেট মিটিং, কনফারেন্স এবং পেশাদার উপস্থাপনার জন্য আদর্শ।', '', '99a19d25-6859-468f-bad5-958aa2ebdebf', 'executive-conference-folder-canvas-edition', 13, true, '2026-02-20 05:55:19.862236+00', '2026-02-20 06:30:27.65938+00'),
('5ddb056e-46d6-4cd0-99b6-b2a29082f1b4', 'World Map Globe Price In Bangladesh', 'বিশ্ব মানচিত্র, বাংলাদেশের গ্লোব মূল্য', 'World Map Globe 3D Rotating Globe for Decoration or Gift', 'সাজসজ্জা বা উপহারের জন্য বিশ্ব মানচিত্র গ্লোব 3D ঘূর্ণায়মান গ্লোব', 'https://ggwpmrrtqocjcsnwqxze.supabase.co/storage/v1/object/public/cms-images/products/1771579209913.webp', '9f96b5e4-f162-4590-b674-63cd42fc68c7', 'world-map-globe-price-in-bangladesh', 14, true, '2026-02-20 09:21:13.205143+00', '2026-02-20 09:21:13.205143+00'),
('10da132e-60c8-41b3-b926-5c3f6bdb622f', 'File', 'ফাইল', '', '', 'https://ggwpmrrtqocjcsnwqxze.supabase.co/storage/v1/object/public/cms-images/products/1771575834698.jpeg', '34a7db51-39be-450f-95e7-093f1efe00c8', 'file', 14, true, '2026-02-20 08:24:00.96997+00', '2026-03-12 05:39:27.594534+00'),
('ddb2a550-657f-469a-b408-14f4e5f9835e', 'Formal Solid Color Slim Neck Tie', 'ফর্মাল সলিড কালার স্লিম নেক টাই', 'Elegant solid color slim neck tie, 6cm width. Classic plain tie design that matches easily with any shirt or suit. Perfect for formal occasions, corporate events, and professional settings.', 'মার্জিত সলিড কালার স্লিম নেক টাই, ৬ সেমি প্রশস্ত। যেকোনো শার্ট বা স্যুটের সাথে সহজে মিলে যায়। আনুষ্ঠানিক অনুষ্ঠান, কর্পোরেট ইভেন্ট এবং পেশাদার পরিবেশের জন্য আদর্শ।', 'https://ggwpmrrtqocjcsnwqxze.supabase.co/storage/v1/object/public/cms-images/products-nobg/ties-collection.png', '9f96b5e4-f162-4590-b674-63cd42fc68c7', 'formal-solid-color-slim-neck-tie', 15, true, '2026-02-24 04:01:07.192288+00', '2026-02-24 04:06:05.014466+00'),
('949bc0d0-b0f8-4bc7-957a-4cf21447b944', 'Office Bag', '', 'premium high quality leather bag', 'প্রিমিয়াম উচ্চ মানের চামড়ার ব্যাগ', 'https://ggwpmrrtqocjcsnwqxze.supabase.co/storage/v1/object/public/cms-images/products/1773725226595.jpg', '99a19d25-6859-468f-bad5-958aa2ebdebf', 'Office Bag 001', 25, true, '2026-03-17 05:32:23.108436+00', '2026-03-17 05:54:53.221699+00'),
('ce96c937-741c-4e05-8d28-a9c5cd04e0d1', 'Make-Up Items For Gifting', 'মেকআপ গিফট আইটেম', 'A perfect gift combination of make-up items to surprise your loved one on any occasion. Includes La Femme Makeup Studio Deluxe Eyeshadows, Wet N Wild MegaGlo and more.', '', '/temp/corporate-makeup-gift.jpg', '9f96b5e4-f162-4590-b674-63cd42fc68c7', NULL, 100, true, '2026-02-24 05:22:14.23771+00', '2026-02-24 05:22:14.23771+00'),
('96788d20-5d19-4866-a9ad-3ace90df1a67', 'Unique Gift For Him', 'তার জন্য অনন্য উপহার', 'A perfect gift combination of essential items to wish your father, friends, colleague, brother at any occasion in Bangladesh. Includes Power Bank and other premium items.', '', '/temp/corporate-gift-him.jpg', '9f96b5e4-f162-4590-b674-63cd42fc68c7', NULL, 101, true, '2026-02-24 05:22:14.23771+00', '2026-02-24 05:22:14.23771+00'),
('155c6891-0356-413a-9904-b64a4e777859', 'Snake Plant In Ceramic Pot With Logo', 'লোগো সহ সিরামিক পটে স্নেক প্ল্যান্ট', 'Indoor snake plant in a branded ceramic pot with your company logo. Plants add beauty to office decor and are a great source of oxygen. Perfect for corporate gifting.', '', '/temp/corporate-snake-plant.jpg', '9f96b5e4-f162-4590-b674-63cd42fc68c7', NULL, 102, true, '2026-02-24 05:22:14.23771+00', '2026-02-24 05:22:14.23771+00'),
('f785c72a-c3be-4716-ae1d-4f04eed9fdad', 'Corporate Gift Package', 'কর্পোরেট গিফট প্যাকেজ', 'A wonderful assorted corporate happiness package that will surely make your employees happy. Customizable contents available for bulk orders.', '', '/temp/corporate-gift-package.jpg', '9f96b5e4-f162-4590-b674-63cd42fc68c7', NULL, 103, true, '2026-02-24 05:22:14.23771+00', '2026-02-24 05:22:14.23771+00'),
('d9334a34-79c7-43c4-964a-fb0ecae0d550', 'Corporate Customize Products Package', 'কর্পোরেট কাস্টমাইজ প্রোডাক্ট প্যাকেজ', 'Perfect gift package for celebrating corporate events. Customizable contents including branded items and premium snacks.', '', '/temp/corporate-customize-package.jpg', '9f96b5e4-f162-4590-b674-63cd42fc68c7', NULL, 105, true, '2026-02-24 05:22:14.23771+00', '2026-02-24 05:22:14.23771+00'),
('b4920fca-53d6-4c2b-9040-b27d5781e91f', 'Package For A New Beginning', 'নতুন শুরুর প্যাকেজ', 'Give it a fresh start with premium chocolates: Raffaello, Rocher, Truffle, Kit Kat, Dairy Milk Silk, Toblerone and more. Perfect for welcoming new employees or celebrating milestones.', '', '/temp/corporate-new-beginning.jpg', '9f96b5e4-f162-4590-b674-63cd42fc68c7', NULL, 106, true, '2026-02-24 05:22:14.23771+00', '2026-02-24 05:22:14.23771+00'),
('e31e70cc-ba12-4a0a-b96a-6fb29ea5c7ac', 'Gift Hamper With Tea & Celebration Drink', 'চা ও সেলিব্রেশন ড্রিংক গিফট হ্যাম্পার', 'Make your corporate people happy with this refreshing gift box. Includes Kazi & Kazi Orthodox Black Tea, Green Lemongrass Tea, and more premium beverages.', '', '/temp/corporate-tea-hamper.jpg', '9f96b5e4-f162-4590-b674-63cd42fc68c7', NULL, 107, true, '2026-02-24 05:22:14.23771+00', '2026-02-24 05:22:14.23771+00'),
('94dc57d5-7376-4244-a2f7-00ef2909c64c', 'Indoor Plant In Ceramic Mug With Logo', 'লোগো সহ সিরামিক মগে ইনডোর প্ল্যান্ট', 'Indoor plants in a branded ceramic mug with your company logo. Great for office decoration, adds beauty and fresh oxygen to workspace.', '', '/temp/corporate-indoor-plant.jpg', '9f96b5e4-f162-4590-b674-63cd42fc68c7', NULL, 108, true, '2026-02-24 05:22:14.23771+00', '2026-02-24 05:22:14.23771+00'),
('6f093189-c276-42b0-9a24-ea3f8f5b02c0', 'Gift For Diabetic Person', 'ডায়াবেটিক ব্যক্তির জন্য উপহার', 'A thoughtful gift package specially curated for diabetic colleagues and clients. Celebrate birthdays and office events with health-conscious gifting.', '', '/temp/corporate-diabetic-gift.jpg', '9f96b5e4-f162-4590-b674-63cd42fc68c7', NULL, 109, true, '2026-02-24 05:22:14.23771+00', '2026-02-24 05:22:14.23771+00')
ON CONFLICT (id) DO NOTHING;

-- ============================================================
-- 3. PRODUCT VARIANTS (69 rows)
-- ============================================================
INSERT INTO product_variants (id, product_id, variant_label_en, variant_label_bn, color_hex, color_name, design_type, image_url, sku, sort_order, min_quantity, unit_price, stock, is_active, created_at, updated_at) VALUES
-- Branded Coffee Mug variants
('1fc2e9b8-bfff-4d6a-944b-4e6fe4eda02b', '003ffb59-ce2f-4a72-a4c4-2e53b8b2d0fb', 'White Classic', 'সাদা ক্লাসিক', '#FFFFFF', NULL, NULL, NULL, NULL, 1, 25, 250.00, 999, true, '2026-02-17 04:40:16.359641+00', '2026-02-17 04:40:16.359641+00'),
('d9caf2cb-c901-493a-a4c4-0fdb91d90be3', '003ffb59-ce2f-4a72-a4c4-2e53b8b2d0fb', 'Black Matte', 'কালো ম্যাট', '#2D2D2D', NULL, NULL, NULL, NULL, 2, 25, 300.00, 999, true, '2026-02-17 04:40:16.359641+00', '2026-02-17 04:40:16.359641+00'),
-- File variants
('dc0fc5cb-59c9-40c4-b26f-a1f3ce5e69fe', '10da132e-60c8-41b3-b926-5c3f6bdb622f', 'open', '', '#FFFFFF', 'White', NULL, 'https://ggwpmrrtqocjcsnwqxze.supabase.co/storage/v1/object/public/cms-images/variants/1771575864496.jpeg', NULL, 1, 1, 0.00, 999, true, '2026-02-20 08:24:52.773776+00', '2026-02-20 08:24:52.773776+00'),
('39dc9f2c-0ea0-4e6b-ba8b-cf405a1ccce1', '10da132e-60c8-41b3-b926-5c3f6bdb622f', 'Blue', '', '#2563EB', 'Royal Blue', NULL, 'https://ggwpmrrtqocjcsnwqxze.supabase.co/storage/v1/object/public/cms-images/variants/1771575921228.jpeg', NULL, 2, 1, 0.00, 999, true, '2026-02-20 08:25:35.573391+00', '2026-02-20 08:25:35.573391+00'),
-- Custom Medal & Badge variants
('986217d8-93c9-4db2-bc16-35799a627fa5', '1193c6bc-c9a9-494a-8a87-077acf5b7811', 'Gold Medal', 'স্বর্ণ পদক', '#FFD700', NULL, NULL, NULL, NULL, 1, 50, 180.00, 999, true, '2026-02-17 04:40:16.359641+00', '2026-02-17 04:40:16.359641+00'),
('6a31515c-9981-42a2-84bd-5a6e9fc2d45b', '1193c6bc-c9a9-494a-8a87-077acf5b7811', 'Silver Medal', 'রৌপ্য পদক', '#C0C0C0', NULL, NULL, NULL, NULL, 2, 50, 150.00, 999, true, '2026-02-17 04:40:16.359641+00', '2026-02-17 04:40:16.359641+00'),
('60662969-693e-4194-a2b2-70b5496908f6', '1193c6bc-c9a9-494a-8a87-077acf5b7811', 'Bronze Medal', 'ব্রোঞ্জ পদক', '#CD7F32', NULL, NULL, NULL, NULL, 3, 50, 130.00, 999, true, '2026-02-17 04:40:16.359641+00', '2026-02-17 04:40:16.359641+00'),
('5c1e9f50-7c6f-41fc-b265-e78957541840', '1193c6bc-c9a9-494a-8a87-077acf5b7811', 'Custom Badge', 'কাস্টম ব্যাজ', '#1B3A5C', NULL, NULL, NULL, NULL, 4, 100, 100.00, 999, true, '2026-02-17 04:40:16.359641+00', '2026-02-17 04:40:16.359641+00'),
-- Glass Paperweight variants
('c6f38d4e-beda-4f83-894c-6dc94024b98e', '1c76cdbe-af31-4c70-ae6f-df25e3a2fd5b', 'Clear Crystal', 'স্বচ্ছ ক্রিস্টাল', '#E8E8E8', NULL, NULL, NULL, NULL, 1, 10, 1800.00, 999, true, '2026-02-17 04:42:07.183175+00', '2026-02-17 04:42:07.183175+00'),
('fcc13190-71ae-495b-a912-44ea10886a1c', '1c76cdbe-af31-4c70-ae6f-df25e3a2fd5b', 'Blue Tint', 'নীল আভা', '#4A90D9', NULL, NULL, NULL, NULL, 2, 10, 2000.00, 999, true, '2026-02-17 04:42:07.183175+00', '2026-02-17 04:42:07.183175+00'),
('a1036da0-2c74-4cbb-823a-5feb09fdc325', '1c76cdbe-af31-4c70-ae6f-df25e3a2fd5b', 'Green Tint', 'সবুজ আভা', '#4A9D6E', NULL, NULL, NULL, NULL, 3, 10, 2000.00, 999, true, '2026-02-17 04:42:07.183175+00', '2026-02-17 04:42:07.183175+00'),
-- Desk Organizer Set variants
('d8f9bb53-2ce9-465f-a113-f4b7af00222d', '1f6c9a88-4a5b-4442-9b79-a1a288453129', 'Walnut', 'আখরোট', '#5C3A1E', NULL, NULL, NULL, NULL, 1, 1, 1500.00, 999, true, '2026-02-17 04:42:07.183175+00', '2026-02-17 04:42:07.183175+00'),
('0f193aad-aa2b-49aa-84b7-1449530c74cd', '1f6c9a88-4a5b-4442-9b79-a1a288453129', 'Mahogany', 'মেহগনি', '#C04000', NULL, NULL, NULL, NULL, 2, 1, 1600.00, 999, true, '2026-02-17 04:42:07.183175+00', '2026-02-17 04:42:07.183175+00'),
('24527168-e3cb-4f99-bbee-8e58d2e4bc1e', '1f6c9a88-4a5b-4442-9b79-a1a288453129', 'Black Oak', 'কালো ওক', '#2D2D2D', NULL, NULL, NULL, NULL, 3, 1, 1700.00, 999, true, '2026-02-17 04:42:07.183175+00', '2026-02-17 04:42:07.183175+00'),
-- Premium Silk Tie Set variants
('dfd58ea8-4419-4779-9213-6ab593bf992d', '523ee808-b43a-4e4d-a057-64209110fb65', 'Navy Blue', 'নেভি ব্লু', '#1B3A5C', NULL, NULL, NULL, NULL, 1, 1, 850.00, 999, true, '2026-02-17 04:40:16.359641+00', '2026-02-17 04:40:16.359641+00'),
('c7eaf562-2edd-44f0-b539-4f852be80f06', '523ee808-b43a-4e4d-a057-64209110fb65', 'Burgundy', 'বারগান্ডি', '#800020', NULL, NULL, NULL, NULL, 2, 1, 850.00, 999, true, '2026-02-17 04:40:16.359641+00', '2026-02-17 04:40:16.359641+00'),
('71439fbe-07f4-45ef-8d0a-ba262e172725', '523ee808-b43a-4e4d-a057-64209110fb65', 'Charcoal', 'চারকোল', '#36454F', NULL, NULL, NULL, NULL, 3, 1, 850.00, 999, true, '2026-02-17 04:40:16.359641+00', '2026-02-17 04:40:16.359641+00'),
-- World Map Globe variants
('be2b8c17-c8a6-4dc6-a40f-c18d8c5b528b', '5ddb056e-46d6-4cd0-99b6-b2a29082f1b4', 'Brown', '', '#6B4226', 'Brown', NULL, 'https://ggwpmrrtqocjcsnwqxze.supabase.co/storage/v1/object/public/cms-images/variants/1771579848426.webp', NULL, 1, 1, 0.00, 999, true, '2026-02-20 09:31:16.481631+00', '2026-02-20 09:31:16.481631+00'),
('74af776b-f8fe-47b3-bb32-3911cab05ac1', '5ddb056e-46d6-4cd0-99b6-b2a29082f1b4', 'Dark Green', '', '#166534', 'Dark Green', NULL, 'https://ggwpmrrtqocjcsnwqxze.supabase.co/storage/v1/object/public/cms-images/variants/1771579886289.webp', NULL, 2, 1, 0.00, 999, true, '2026-02-20 09:31:34.155082+00', '2026-02-20 09:31:34.155082+00'),
('c6102652-c90f-41ab-9127-a7edc01d24bf', '5ddb056e-46d6-4cd0-99b6-b2a29082f1b4', 'Gray', '', '#6B7280', 'Gray', NULL, 'https://ggwpmrrtqocjcsnwqxze.supabase.co/storage/v1/object/public/cms-images/variants/1771579899914.webp', NULL, 3, 1, 0.00, 999, true, '2026-02-20 09:31:46.847712+00', '2026-02-20 09:31:46.847712+00'),
-- Executive Pen Set variants
('feee3a82-12d1-42b0-8eb1-db0e9d84d435', '75449b6b-f826-4037-ae32-871b1230ada1', 'Silver', 'রূপালী', '#C0C0C0', NULL, NULL, NULL, NULL, 1, 1, 950.00, 999, true, '2026-02-17 04:40:16.359641+00', '2026-02-17 04:40:16.359641+00'),
('b696365c-5f53-400e-8d93-e49dffda24f3', '75449b6b-f826-4037-ae32-871b1230ada1', 'Gold', 'সোনালী', '#FFD700', NULL, NULL, NULL, NULL, 2, 1, 1100.00, 999, true, '2026-02-17 04:40:16.359641+00', '2026-02-17 04:40:16.359641+00'),
('0cafdafb-487d-401b-8379-5950f69e6690', '75449b6b-f826-4037-ae32-871b1230ada1', 'Rose Gold', 'রোজ গোল্ড', '#B76E79', NULL, NULL, NULL, NULL, 3, 1, 1100.00, 999, true, '2026-02-17 04:40:16.359641+00', '2026-02-17 04:40:16.359641+00'),
-- Custom USB Flash Drive variants
('804ff532-01e8-48b9-b935-33ee32badf1f', '84dbf939-441a-4b7b-8384-0169c45de575', 'Red', 'লাল', '#DC2626', NULL, NULL, NULL, NULL, 1, 50, 350.00, 999, true, '2026-02-17 04:40:16.359641+00', '2026-02-17 04:40:16.359641+00'),
('24ff6f4d-71a9-413b-9f5e-bb0f9ec2c2d1', '84dbf939-441a-4b7b-8384-0169c45de575', 'Blue', 'নীল', '#2563EB', NULL, NULL, NULL, NULL, 2, 50, 350.00, 999, true, '2026-02-17 04:40:16.359641+00', '2026-02-17 04:40:16.359641+00'),
('c86ad5a0-e079-4a77-8aee-eb761fc11a6b', '84dbf939-441a-4b7b-8384-0169c45de575', 'Black', 'কালো', '#1A1A1A', NULL, NULL, NULL, NULL, 3, 50, 350.00, 999, true, '2026-02-17 04:40:16.359641+00', '2026-02-17 04:40:16.359641+00'),
('7a8eefb6-b3c7-4908-9385-ed39f0b5e16a', '84dbf939-441a-4b7b-8384-0169c45de575', 'White', 'সাদা', '#F5F5F5', NULL, NULL, NULL, NULL, 4, 50, 350.00, 999, true, '2026-02-17 04:40:16.359641+00', '2026-02-17 04:40:16.359641+00'),
-- Executive Conference Folder variants (Design A)
('7216d254-a3f5-4a9f-9b49-93f90d961b16', '8b854ba6-0dcd-4e0a-89fa-f4511ce6f069', 'Design A - Minimal Logo | Black', 'ডিজাইন A - মিনিমাল লোগো | কালো', '#1a1a1a', 'Black', 'A', '/temp/leather-file-black.jpg', 'SMTI-FOLDER-A-BLK', 1, 10, 0.00, 999, true, '2026-02-20 05:55:59.367622+00', '2026-02-24 05:03:53.066333+00'),
('baf3f078-8fd1-4c5c-be86-417db5eb3f79', '8b854ba6-0dcd-4e0a-89fa-f4511ce6f069', 'Design A - Minimal Logo | Navy Blue', 'ডিজাইন A - মিনিমাল লোগো | নেভি ব্লু', '#1B3A6B', 'Navy Blue', 'A', '/temp/blue-leather-file.png', 'SMTI-FOLDER-A-NVY', 2, 10, 0.00, 999, true, '2026-02-20 05:55:59.367622+00', '2026-02-24 05:03:53.066333+00'),
('a9bcb781-ab9a-4d77-952c-af247089623d', '8b854ba6-0dcd-4e0a-89fa-f4511ce6f069', 'Design A - Minimal Logo | Brown', 'ডিজাইন A - মিনিমাল লোগো | বাদামি', '#6B3A2A', 'Brown', 'A', '/temp/leather-zippered-folder.jpg', 'SMTI-FOLDER-A-BRN', 3, 10, 0.00, 999, true, '2026-02-20 05:55:59.367622+00', '2026-02-24 05:03:53.066333+00'),
('4b6a8ced-9934-4b0c-8ef9-f6159d1ba329', '8b854ba6-0dcd-4e0a-89fa-f4511ce6f069', 'Design A - Minimal Logo | Burgundy', 'ডিজাইন A - মিনিমাল লোগো | বার্গান্ডি', '#6B1A2A', 'Burgundy', 'A', '/temp/leather-file-maroon.jpg', 'SMTI-FOLDER-A-BRG', 4, 10, 0.00, 999, true, '2026-02-20 05:55:59.367622+00', '2026-02-24 05:03:53.066333+00'),
('55090ba7-8223-4b8b-9cc2-5cd19323c75d', '8b854ba6-0dcd-4e0a-89fa-f4511ce6f069', 'Design A - Minimal Logo | Custom Color', 'ডিজাইন A - মিনিমাল লোগো | কাস্টম', '#888888', 'Custom Color', 'A', '/temp/green-file-cover.jpg', 'SMTI-FOLDER-A-CST', 5, 10, 0.00, 999, true, '2026-02-20 05:55:59.367622+00', '2026-02-24 05:03:53.066333+00'),
-- Design B
('d4f0d74c-808a-4f16-ab9a-3118c898cfc1', '8b854ba6-0dcd-4e0a-89fa-f4511ce6f069', 'Design B - Full Logo Print | Black', 'ডিজাইন B - ফুল লোগো প্রিন্ট | কালো', '#1a1a1a', 'Black', 'B', '/temp/leather-file-black.jpg', 'SMTI-FOLDER-B-BLK', 6, 10, 0.00, 999, true, '2026-02-20 05:55:59.367622+00', '2026-02-24 05:03:53.066333+00'),
('c81a8b3a-203e-45ca-bbfd-45ea9a04a316', '8b854ba6-0dcd-4e0a-89fa-f4511ce6f069', 'Design B - Full Logo Print | Navy Blue', 'ডিজাইন B - ফুল লোগো প্রিন্ট | নেভি ব্লু', '#1B3A6B', 'Navy Blue', 'B', '/temp/blue-leather-file.png', 'SMTI-FOLDER-B-NVY', 7, 10, 0.00, 999, true, '2026-02-20 05:55:59.367622+00', '2026-02-24 05:03:53.066333+00'),
('0fad8326-3e81-4568-a21b-310ecc42b4cd', '8b854ba6-0dcd-4e0a-89fa-f4511ce6f069', 'Design B - Full Logo Print | Brown', 'ডিজাইন B - ফুল লোগো প্রিন্ট | বাদামি', '#6B3A2A', 'Brown', 'B', '/temp/leather-zippered-folder.jpg', 'SMTI-FOLDER-B-BRN', 8, 10, 0.00, 999, true, '2026-02-20 05:55:59.367622+00', '2026-02-24 05:03:53.066333+00'),
('b7036c31-8c61-476d-bf9c-c517e54a7de8', '8b854ba6-0dcd-4e0a-89fa-f4511ce6f069', 'Design B - Full Logo Print | Burgundy', 'ডিজাইন B - ফুল লোগো প্রিন্ট | বার্গান্ডি', '#6B1A2A', 'Burgundy', 'B', '/temp/leather-file-maroon.jpg', 'SMTI-FOLDER-B-BRG', 9, 10, 0.00, 999, true, '2026-02-20 05:55:59.367622+00', '2026-02-24 05:03:53.066333+00'),
('c4662be0-637a-4293-a6ee-13e2897b1086', '8b854ba6-0dcd-4e0a-89fa-f4511ce6f069', 'Design B - Full Logo Print | Custom Color', 'ডিজাইন B - ফুল লোগো প্রিন্ট | কাস্টম', '#888888', 'Custom Color', 'B', '/temp/green-file-cover.jpg', 'SMTI-FOLDER-B-CST', 10, 10, 0.00, 999, true, '2026-02-20 05:55:59.367622+00', '2026-02-24 05:03:53.066333+00'),
-- Design C
('bdb96959-b4a9-4a5c-88e8-52e8ab650f27', '8b854ba6-0dcd-4e0a-89fa-f4511ce6f069', 'Design C - Embossed Logo | Black', 'ডিজাইন C - এমবসড লোগো | কালো', '#1a1a1a', 'Black', 'C', '/temp/leather-file-black.jpg', 'SMTI-FOLDER-C-BLK', 11, 10, 0.00, 999, true, '2026-02-20 05:55:59.367622+00', '2026-02-24 05:03:53.066333+00'),
('6a4188ec-845b-438d-932e-6aef1e560024', '8b854ba6-0dcd-4e0a-89fa-f4511ce6f069', 'Design C - Embossed Logo | Navy Blue', 'ডিজাইন C - এমবসড লোগো | নেভি ব্লু', '#1B3A6B', 'Navy Blue', 'C', '/temp/blue-leather-file.png', 'SMTI-FOLDER-C-NVY', 12, 10, 0.00, 999, true, '2026-02-20 05:55:59.367622+00', '2026-02-24 05:03:53.066333+00'),
('01908caf-e7a7-4f03-822b-aee827ae7fe7', '8b854ba6-0dcd-4e0a-89fa-f4511ce6f069', 'Design C - Embossed Logo | Brown', 'ডিজাইন C - এমবসড লোগো | বাদামি', '#6B3A2A', 'Brown', 'C', '/temp/leather-zippered-folder.jpg', 'SMTI-FOLDER-C-BRN', 13, 10, 0.00, 999, true, '2026-02-20 05:55:59.367622+00', '2026-02-24 05:03:53.066333+00'),
('b88b2286-89b2-407d-8039-2792a97454e7', '8b854ba6-0dcd-4e0a-89fa-f4511ce6f069', 'Design C - Embossed Logo | Burgundy', 'ডিজাইন C - এমবসড লোগো | বার্গান্ডি', '#6B1A2A', 'Burgundy', 'C', '/temp/leather-file-maroon.jpg', 'SMTI-FOLDER-C-BRG', 14, 10, 0.00, 999, true, '2026-02-20 05:55:59.367622+00', '2026-02-24 05:03:53.066333+00'),
('01de3bf2-c134-4dd0-8906-1c7e5a1e08c0', '8b854ba6-0dcd-4e0a-89fa-f4511ce6f069', 'Design C - Embossed Logo | Custom Color', 'ডিজাইন C - এমবসড লোগো | কাস্টম', '#888888', 'Custom Color', 'C', '/temp/green-file-cover.jpg', 'SMTI-FOLDER-C-CST', 15, 10, 0.00, 999, true, '2026-02-20 05:55:59.367622+00', '2026-02-24 05:03:53.066333+00'),
-- Design D
('c1e01cc1-b84e-4542-9c21-6b35ddcd143a', '8b854ba6-0dcd-4e0a-89fa-f4511ce6f069', 'Design D - Gold Foil Logo | Black', 'ডিজাইন D - গোল্ড ফয়েল লোগো | কালো', '#1a1a1a', 'Black', 'D', '/temp/leather-file-black.jpg', 'SMTI-FOLDER-D-BLK', 16, 10, 0.00, 999, true, '2026-02-20 05:55:59.367622+00', '2026-02-24 05:03:53.066333+00'),
('06991b35-ce86-4a7a-87e5-b5aca390b790', '8b854ba6-0dcd-4e0a-89fa-f4511ce6f069', 'Design D - Gold Foil Logo | Navy Blue', 'ডিজাইন D - গোল্ড ফয়েল লোগো | নেভি ব্লু', '#1B3A6B', 'Navy Blue', 'D', '/temp/blue-leather-file.png', 'SMTI-FOLDER-D-NVY', 17, 10, 0.00, 999, true, '2026-02-20 05:55:59.367622+00', '2026-02-24 05:03:53.066333+00'),
('d8a83f98-3a3c-46cd-9bd8-1b0e9dfec702', '8b854ba6-0dcd-4e0a-89fa-f4511ce6f069', 'Design D - Gold Foil Logo | Brown', 'ডিজাইন D - গোল্ড ফয়েল লোগো | বাদামি', '#6B3A2A', 'Brown', 'D', '/temp/leather-zippered-folder.jpg', 'SMTI-FOLDER-D-BRN', 18, 10, 0.00, 999, true, '2026-02-20 05:55:59.367622+00', '2026-02-24 05:03:53.066333+00'),
-- Promotional T-Shirt variants
('e4d096a1-e56b-4da6-9688-595e17a4df90', '906527cd-457d-46dc-bbf1-d6500b2636c6', 'White', 'সাদা', '#FFFFFF', NULL, NULL, NULL, NULL, 1, 50, 280.00, 999, true, '2026-02-17 04:40:16.359641+00', '2026-02-17 04:40:16.359641+00'),
('ab5dee24-c558-4674-912f-5e8e2ea59199', '906527cd-457d-46dc-bbf1-d6500b2636c6', 'Black', 'কালো', '#1A1A1A', NULL, NULL, NULL, NULL, 2, 50, 280.00, 999, true, '2026-02-17 04:40:16.359641+00', '2026-02-17 04:40:16.359641+00'),
('5ac7c678-3c6f-45c6-af67-0b78182b7e0f', '906527cd-457d-46dc-bbf1-d6500b2636c6', 'Navy', 'নেভি', '#1B3A5C', NULL, NULL, NULL, NULL, 3, 50, 280.00, 999, true, '2026-02-17 04:40:16.359641+00', '2026-02-17 04:40:16.359641+00'),
('dfa748c3-cfc3-4cd0-a847-f90b590f91ed', '906527cd-457d-46dc-bbf1-d6500b2636c6', 'Red', 'লাল', '#DC2626', NULL, NULL, NULL, NULL, 4, 50, 300.00, 999, true, '2026-02-17 04:40:16.359641+00', '2026-02-17 04:40:16.359641+00'),
-- Leather Laptop Bag variants
('c3453c92-2176-4a00-b36c-5c19e23493cd', 'bc3f59eb-1984-4b9c-9f8b-5c8624b3f5df', 'Black', 'কালো', '#1A1A1A', NULL, NULL, NULL, NULL, 1, 1, 4500.00, 999, true, '2026-02-17 04:40:16.359641+00', '2026-02-17 04:40:16.359641+00'),
('fe8bcb5e-44bc-4766-ab26-af9a32c1f7d0', 'bc3f59eb-1984-4b9c-9f8b-5c8624b3f5df', 'Dark Brown', 'গাঢ় বাদামী', '#3E2723', NULL, NULL, NULL, NULL, 2, 1, 4500.00, 999, true, '2026-02-17 04:40:16.359641+00', '2026-02-17 04:40:16.359641+00'),
-- Formal Solid Color Slim Neck Tie variants
('7086556c-92e9-49c4-85af-880c56bedd82', 'ddb2a550-657f-469a-b408-14f4e5f9835e', 'Navy Blue', 'নেভি ব্লু', '#1B3A5C', 'Navy Blue', NULL, NULL, NULL, 1, 1, 285.00, 999, true, '2026-02-24 04:01:07.192288+00', '2026-02-24 04:01:07.192288+00'),
('65db92d4-3f74-4510-ba03-88bc58210842', 'ddb2a550-657f-469a-b408-14f4e5f9835e', 'Burgundy', 'বারগান্ডি', '#800020', 'Burgundy', NULL, NULL, NULL, 2, 1, 285.00, 999, true, '2026-02-24 04:01:07.192288+00', '2026-02-24 04:01:07.192288+00'),
('214448c1-cb65-4434-924a-fa2ce91b2833', 'ddb2a550-657f-469a-b408-14f4e5f9835e', 'Black', 'কালো', '#1A1A1A', 'Black', NULL, NULL, NULL, 3, 1, 285.00, 999, true, '2026-02-24 04:01:07.192288+00', '2026-02-24 04:01:07.192288+00'),
('66ec7d63-d56d-448a-8949-cd172d494969', 'ddb2a550-657f-469a-b408-14f4e5f9835e', 'Silver', 'সিলভার', '#C0C0C0', 'Silver', NULL, NULL, NULL, 4, 1, 285.00, 999, true, '2026-02-24 04:01:07.192288+00', '2026-02-24 04:01:07.192288+00'),
('d681fe71-b4df-4692-8aab-7f89ccaf3971', 'ddb2a550-657f-469a-b408-14f4e5f9835e', 'Wine Red', 'ওয়াইন রেড', '#C2185B', 'Wine Red', NULL, NULL, NULL, 5, 1, 285.00, 999, true, '2026-02-24 04:01:07.192288+00', '2026-02-24 04:01:07.192288+00'),
('be3689c6-ca7a-4088-b801-58ad020d5c4e', 'ddb2a550-657f-469a-b408-14f4e5f9835e', 'Dark Blue', 'ডার্ক ব্লু', '#0D47A1', 'Dark Blue', NULL, NULL, NULL, 6, 1, 285.00, 999, true, '2026-02-24 04:01:07.192288+00', '2026-02-24 04:01:07.192288+00'),
-- Leather Card Holder variants
('6446d8f9-f1da-4489-b2ed-55c3d3ea1272', 'f1ec7cda-4c8e-4edc-a0c1-b7f851a21b83', 'Black', 'কালো', '#1A1A1A', NULL, NULL, NULL, NULL, 1, 10, 650.00, 999, true, '2026-02-17 04:40:16.359641+00', '2026-02-17 04:40:16.359641+00'),
('055e08ea-d989-4342-946b-47fd311f6092', 'f1ec7cda-4c8e-4edc-a0c1-b7f851a21b83', 'Brown', 'বাদামী', '#8B4513', NULL, NULL, NULL, NULL, 2, 10, 650.00, 999, true, '2026-02-17 04:40:16.359641+00', '2026-02-17 04:40:16.359641+00'),
('1ab9725e-a568-41f6-b807-91655b2f55a2', 'f1ec7cda-4c8e-4edc-a0c1-b7f851a21b83', 'Maroon', 'মেরুন', '#800000', NULL, NULL, NULL, NULL, 3, 10, 700.00, 999, true, '2026-02-17 04:40:16.359641+00', '2026-02-17 04:40:16.359641+00'),
-- Crystal Award Trophy variants
('a21c7653-b4a2-486b-8c76-adf43ffaa7a9', 'ff581934-d0ab-4355-8fc5-092a0d579cb5', 'Standard', 'স্ট্যান্ডার্ড', NULL, NULL, NULL, NULL, NULL, 1, 10, 2500.00, 999, true, '2026-02-17 04:40:16.359641+00', '2026-02-17 04:40:16.359641+00'),
('c06be021-3c54-4e71-9518-4f985eceefd7', 'ff581934-d0ab-4355-8fc5-092a0d579cb5', 'Premium Engraved', 'প্রিমিয়াম খোদাই', NULL, NULL, NULL, NULL, NULL, 2, 10, 3500.00, 999, true, '2026-02-17 04:40:16.359641+00', '2026-02-17 04:40:16.359641+00')
ON CONFLICT (id) DO NOTHING;

-- ============================================================
-- 4. PRODUCT IMAGES (27 rows)
-- ============================================================
INSERT INTO product_images (id, product_id, image_url, image_type, sort_order, variant_id, created_at) VALUES
('3a67c079-c929-4b67-b630-34a8bbda67e8', '10da132e-60c8-41b3-b926-5c3f6bdb622f', 'https://ggwpmrrtqocjcsnwqxze.supabase.co/storage/v1/object/public/cms-images/product-views/product-10da132e-60c8-41b3-b926-5c3f6bdb622f/main-1771835635073.jpeg', 'main', 0, NULL, '2026-02-23 08:33:56.399475+00'),
('4ab5f1f5-a39f-4362-9cab-10b4cbf379c2', '10da132e-60c8-41b3-b926-5c3f6bdb622f', 'https://ggwpmrrtqocjcsnwqxze.supabase.co/storage/v1/object/public/cms-images/product-views/product-10da132e-60c8-41b3-b926-5c3f6bdb622f/front-1773293963658.webp', 'front', 1, NULL, '2026-03-12 05:39:25.141558+00'),
('be77dc75-7876-4701-8ba0-beacbd2691ea', '10da132e-60c8-41b3-b926-5c3f6bdb622f', 'https://ggwpmrrtqocjcsnwqxze.supabase.co/storage/v1/object/public/cms-images/product-views/product-10da132e-60c8-41b3-b926-5c3f6bdb622f/back-1771835667837.jpeg', 'back', 2, NULL, '2026-02-23 08:34:27.985669+00'),
('4c21abe0-2a67-46da-9381-feaff30c3226', '10da132e-60c8-41b3-b926-5c3f6bdb622f', 'https://ggwpmrrtqocjcsnwqxze.supabase.co/storage/v1/object/public/cms-images/product-views/product-10da132e-60c8-41b3-b926-5c3f6bdb622f/left-1771835674128.jpeg', 'left', 3, NULL, '2026-02-23 08:34:34.292437+00'),
('d01d1106-4249-4741-833c-79d342683cb5', '10da132e-60c8-41b3-b926-5c3f6bdb622f', 'https://ggwpmrrtqocjcsnwqxze.supabase.co/storage/v1/object/public/cms-images/product-views/product-10da132e-60c8-41b3-b926-5c3f6bdb622f/right-1771835678809.jpeg', 'right', 4, NULL, '2026-02-23 08:34:38.89552+00'),
('560e6d14-695d-4928-8e5e-1d39d5574f6b', '1f6c9a88-4a5b-4442-9b79-a1a288453129', 'https://ggwpmrrtqocjcsnwqxze.supabase.co/storage/v1/object/public/cms-images/products/wooden-pen-holder.png', 'main', 1, NULL, '2026-02-17 04:51:24.010505+00'),
('46b6059a-b9d7-4ebc-9f36-fbf6041aeae1', '1f6c9a88-4a5b-4442-9b79-a1a288453129', 'https://ggwpmrrtqocjcsnwqxze.supabase.co/storage/v1/object/public/cms-images/products/wooden-pen-stand.png', 'main', 2, NULL, '2026-02-17 04:51:24.010505+00'),
('1959511f-f43f-4be1-b5d0-96b0f40dcd31', '1f6c9a88-4a5b-4442-9b79-a1a288453129', 'https://ggwpmrrtqocjcsnwqxze.supabase.co/storage/v1/object/public/cms-images/products/wooden-tissue-box.png', 'main', 3, NULL, '2026-02-17 04:51:24.010505+00'),
('702fedc8-14b6-4bd3-939a-3b63ca8ac704', '523ee808-b43a-4e4d-a057-64209110fb65', 'https://ggwpmrrtqocjcsnwqxze.supabase.co/storage/v1/object/public/cms-images/products/ties-collection.jpg', 'main', 1, NULL, '2026-02-17 04:51:24.010505+00'),
('ee1fdc62-7f35-40a9-a403-fbd7bc39f482', '523ee808-b43a-4e4d-a057-64209110fb65', 'https://ggwpmrrtqocjcsnwqxze.supabase.co/storage/v1/object/public/cms-images/products/tie-blue-dotted.png', 'main', 2, NULL, '2026-02-17 04:51:24.010505+00'),
('beca8749-323b-49c9-b5f5-b17dca6d80c3', '523ee808-b43a-4e4d-a057-64209110fb65', 'https://ggwpmrrtqocjcsnwqxze.supabase.co/storage/v1/object/public/cms-images/products/tie-gift-box.png', 'main', 3, NULL, '2026-02-17 04:51:24.010505+00'),
('436fa04e-6551-465b-ba00-da425e48ba2e', '523ee808-b43a-4e4d-a057-64209110fb65', 'https://ggwpmrrtqocjcsnwqxze.supabase.co/storage/v1/object/public/cms-images/products/padma-bridge-tie.png', 'main', 4, NULL, '2026-02-17 04:51:24.010505+00'),
('f70fb47f-0822-4014-9b2a-eabc8d111ffb', '5ddb056e-46d6-4cd0-99b6-b2a29082f1b4', 'https://ggwpmrrtqocjcsnwqxze.supabase.co/storage/v1/object/public/products/product-views/staged/main-1771579259275.webp', 'main', 0, NULL, '2026-02-20 09:21:13.595288+00'),
('0988f116-a3db-45a2-bbc6-cd94516eb27f', '5ddb056e-46d6-4cd0-99b6-b2a29082f1b4', 'https://ggwpmrrtqocjcsnwqxze.supabase.co/storage/v1/object/public/products/product-views/staged/front-1771579265106.webp', 'front', 1, NULL, '2026-02-20 09:21:13.595288+00'),
('267c0533-b0a2-4bbb-b5ce-2f73d27e113a', '5ddb056e-46d6-4cd0-99b6-b2a29082f1b4', 'https://ggwpmrrtqocjcsnwqxze.supabase.co/storage/v1/object/public/products/product-views/staged/back-1771579267503.webp', 'back', 2, NULL, '2026-02-20 09:21:13.595288+00'),
('0934c3d2-13f0-44ae-b827-d09f588b6b56', '5ddb056e-46d6-4cd0-99b6-b2a29082f1b4', 'https://ggwpmrrtqocjcsnwqxze.supabase.co/storage/v1/object/public/products/product-views/staged/left-1771579270656.webp', 'left', 3, NULL, '2026-02-20 09:21:13.595288+00'),
('fdc20904-4867-4d6a-988e-3535905ccf8b', '75449b6b-f826-4037-ae32-871b1230ada1', 'https://ggwpmrrtqocjcsnwqxze.supabase.co/storage/v1/object/public/cms-images/products/custom-branded-pens.jpg', 'main', 1, NULL, '2026-02-17 04:51:24.010505+00'),
('34162947-128f-4fb9-a587-68ba3a329ba4', '75449b6b-f826-4037-ae32-871b1230ada1', 'https://ggwpmrrtqocjcsnwqxze.supabase.co/storage/v1/object/public/cms-images/products/crystal-pen-holder-pens.jpg', 'main', 2, NULL, '2026-02-17 04:51:24.010505+00'),
('6b9dff7e-c711-41b1-99eb-18dc4f828fd0', '75449b6b-f826-4037-ae32-871b1230ada1', 'https://ggwpmrrtqocjcsnwqxze.supabase.co/storage/v1/object/public/cms-images/products/crystal-pen-holder.jpg', 'main', 3, NULL, '2026-02-17 04:51:24.010505+00'),
('f706b19c-e3ad-4545-8474-1eb7ddda6cda', '949bc0d0-b0f8-4bc7-957a-4cf21447b944', 'https://ggwpmrrtqocjcsnwqxze.supabase.co/storage/v1/object/public/products/product-views/staged/main-1773725502506.jpg', 'main', 0, NULL, '2026-03-17 05:32:23.509756+00'),
('fb62f926-a911-4087-9fac-4dd25ce40632', '949bc0d0-b0f8-4bc7-957a-4cf21447b944', 'https://ggwpmrrtqocjcsnwqxze.supabase.co/storage/v1/object/public/products/product-views/staged/front-1773725511295.jpg', 'front', 1, NULL, '2026-03-17 05:32:23.509756+00'),
('16069b45-465a-4212-9ecc-45357b192d42', '949bc0d0-b0f8-4bc7-957a-4cf21447b944', 'https://ggwpmrrtqocjcsnwqxze.supabase.co/storage/v1/object/public/products/product-views/staged/back-1773725523517.jpg', 'back', 2, NULL, '2026-03-17 05:32:23.509756+00'),
('26ac4d5a-498a-42f8-a687-59a345cde355', '949bc0d0-b0f8-4bc7-957a-4cf21447b944', 'https://ggwpmrrtqocjcsnwqxze.supabase.co/storage/v1/object/public/products/product-views/staged/left-1773725530519.jpg', 'left', 3, NULL, '2026-03-17 05:32:23.509756+00'),
('fe840e2a-8ab3-4a65-a974-355b5e83d9f6', '949bc0d0-b0f8-4bc7-957a-4cf21447b944', 'https://ggwpmrrtqocjcsnwqxze.supabase.co/storage/v1/object/public/cms-images/product-views/product-949bc0d0-b0f8-4bc7-957a-4cf21447b944/gallery-1773725900404.webp', 'gallery', 10, NULL, '2026-03-17 05:38:26.988794+00'),
('c0041be7-6348-433c-a79a-42f663fb672c', 'ff581934-d0ab-4355-8fc5-092a0d579cb5', 'https://ggwpmrrtqocjcsnwqxze.supabase.co/storage/v1/object/public/cms-images/products/crystal-cube-padma.jpg', 'main', 1, NULL, '2026-02-17 04:51:24.010505+00'),
('ee9e3a47-9bf4-447d-9666-8938a02b8e22', 'ff581934-d0ab-4355-8fc5-092a0d579cb5', 'https://ggwpmrrtqocjcsnwqxze.supabase.co/storage/v1/object/public/cms-images/products/crystal-paperweight.jpg', 'main', 2, NULL, '2026-02-17 04:51:24.010505+00'),
('1eddf9f4-9fac-40e4-8bf2-ee1e8f5e26ec', 'ff581934-d0ab-4355-8fc5-092a0d579cb5', 'https://ggwpmrrtqocjcsnwqxze.supabase.co/storage/v1/object/public/cms-images/products/crystal-keychain.jpg', 'main', 3, NULL, '2026-02-17 04:51:24.010505+00')
ON CONFLICT (id) DO NOTHING;

-- ============================================================
-- 5. CLIENT LOGOS (8 rows)
-- ============================================================
INSERT INTO client_logos (id, name, logo_url, website_url, sort_order, is_active, created_at) VALUES
('9d72cf93-097f-4df0-a9e2-de84e5bfc128', 'Bangladesh Public Administration Training Centre', 'https://placehold.co/200x100/1a1a2e/ffffff?text=BPATC', 'https://bpatc.gov.bd', 1, true, '2026-02-15 09:20:21.393657+00'),
('63efb16d-7384-495c-bfd1-805b110fe9f7', 'Bangladesh Bank', 'https://placehold.co/200x100/0a2351/ffffff?text=BB', 'https://bb.org.bd', 2, true, '2026-02-15 09:20:21.393657+00'),
('b2d1ca32-9282-43c7-b7f8-028252797805', 'Grameenphone', 'https://placehold.co/200x100/2a7a2a/ffffff?text=GP', 'https://grameenphone.com', 3, true, '2026-02-15 09:20:21.393657+00'),
('e8af771f-7540-47c3-8d82-2c8a356208bb', 'BRAC', 'https://placehold.co/200x100/6b2020/ffffff?text=BRAC', 'https://brac.net', 4, true, '2026-02-15 09:20:21.393657+00'),
('dec29e43-d3b4-4495-902b-eb931e233a7b', 'Walton Group', 'https://placehold.co/200x100/2d3436/ffffff?text=Walton', 'https://waltonbd.com', 5, true, '2026-02-15 09:20:21.393657+00'),
('b35dd99f-e052-4f50-b1ed-df09e9cd6eee', 'Square Group', 'https://placehold.co/200x100/4a1942/ffffff?text=Square', 'https://squaregroup.com', 6, true, '2026-02-15 09:20:21.393657+00'),
('52cd27e3-7511-4ded-9b81-e94583ad7882', 'Robi Axiata', 'https://placehold.co/200x100/c0392b/ffffff?text=Robi', 'https://robi.com.bd', 7, true, '2026-02-15 09:20:21.393657+00'),
('3ed6e4bf-4037-40bf-98e3-afc9c8671ebd', 'City Bank', 'https://placehold.co/200x100/1e3a5f/ffffff?text=City+Bank', 'https://thecitybank.com', 8, true, '2026-02-15 09:20:21.393657+00')
ON CONFLICT (id) DO NOTHING;

-- ============================================================
-- 6. GALLERY (8 rows)
-- ============================================================
INSERT INTO gallery (id, title_en, title_bn, image_url, category, sort_order, is_active, created_at) VALUES
('fd22f9b0-eab4-4fcb-94f1-39497484cd33', 'Corporate Gift Display', 'কর্পোরেট গিফট ডিসপ্লে', 'https://placehold.co/800x600/1a1a2e/ffffff?text=Gift+Display', 'products', 1, true, '2026-02-15 09:17:49.064251+00'),
('1da698d8-a177-4eb8-8f83-af898a8c8e21', 'Factory Production Line', 'ফ্যাক্টরি প্রোডাকশন লাইন', 'https://placehold.co/800x600/2d3436/ffffff?text=Production+Line', 'factory', 2, true, '2026-02-15 09:17:49.064251+00'),
('e081c10e-e3a7-4894-822d-e270997e0fb7', 'Award Ceremony 2024', 'পুরস্কার অনুষ্ঠান ২০২৪', 'https://placehold.co/800x600/6b2020/ffffff?text=Award+Ceremony', 'events', 3, true, '2026-02-15 09:17:49.064251+00'),
('1f22c107-068c-400f-8f4d-464c9202efa5', 'Quality Inspection', 'গুণমান পরিদর্শন', 'https://placehold.co/800x600/0a2351/ffffff?text=Quality+Check', 'factory', 4, true, '2026-02-15 09:17:49.064251+00'),
('a3fba6cc-34d4-4c08-ad50-c961e60210b7', 'Team Building Event', 'টিম বিল্ডিং ইভেন্ট', 'https://placehold.co/800x600/2a4a2a/ffffff?text=Team+Event', 'team', 5, true, '2026-02-15 09:17:49.064251+00'),
('2ed0f183-f658-4bb9-9a96-ee966bb949f5', 'Crystal Collection', 'ক্রিস্টাল কালেকশন', 'https://placehold.co/800x600/1e3a5f/ffffff?text=Crystal+Items', 'products', 6, true, '2026-02-15 09:17:49.064251+00'),
('bf1af121-07d1-4b90-995e-e5c4949b5f0c', 'Government Project Handover', 'সরকারি প্রকল্প হস্তান্তর', 'https://placehold.co/800x600/4a1942/ffffff?text=Project+Handover', 'events', 7, true, '2026-02-15 09:17:49.064251+00'),
('51a37044-26b2-404f-a5e2-bf332b7c4d10', 'Leather Workshop', 'লেদার ওয়ার্কশপ', 'https://placehold.co/800x600/3d2b1f/ffffff?text=Leather+Workshop', 'factory', 8, true, '2026-02-15 09:17:49.064251+00')
ON CONFLICT (id) DO NOTHING;

-- ============================================================
-- 7. ABOUT PAGE (4 rows)
-- ============================================================
INSERT INTO about_page (id, field_key, content_en, content_bn, image_url, updated_at) VALUES
('7400a580-9e25-40a3-bc1a-29297ad98048', 'company_description', 'S.M. Trade International is a leading corporate gifts and promotional products company based in Bangladesh, serving clients across government, NGO, and private sectors with premium quality branded merchandise.', '', 'https://ggwpmrrtqocjcsnwqxze.supabase.co/storage/v1/object/public/cms-images/about/company-image-1773295703468.jpeg', '2026-02-20 05:45:16.206917+00'),
('a6f1fecd-9ce8-41c1-9c4a-f12ffbcb239d', 'mission', 'To deliver premium quality corporate gifts and promotional products that help organizations build lasting brand impressions and strengthen business relationships.', '', NULL, '2026-02-20 05:45:16.206917+00'),
('1029d015-acb9-4961-bda2-d03354bfe371', 'vision', 'To become Bangladesh''s most trusted corporate merchandise partner, known for quality, reliability, and creative branding solutions.', '', NULL, '2026-02-20 05:45:16.206917+00'),
('79cfc5c2-6055-4e87-b5d4-7ee750dd0ed8', 'company_history', 'Founded with a vision to revolutionize corporate gifting in Bangladesh, S.M. Trade International has grown into a full-service promotional products company.', '', NULL, '2026-02-20 05:45:16.206917+00')
ON CONFLICT (id) DO NOTHING;

-- ============================================================
-- 8. SEO META (4 rows)
-- ============================================================
INSERT INTO seo_meta (id, page_slug, meta_title_en, meta_title_bn, meta_description_en, meta_description_bn, keywords, og_image_url, canonical_url, updated_at) VALUES
('e7670bc3-d5cc-4479-9979-0364488e9e96', 'home', 'S.M. Trade International | Premium Corporate Gifts Bangladesh', '', 'Bangladesh''s leading corporate gifts & promotional products company. Custom branded merchandise for businesses, NGOs and government organizations.', '', 'corporate gifts bangladesh, promotional products, branded merchandise, custom gifts', NULL, NULL, '2026-02-20 05:45:16.206917+00'),
('8a8a0cad-43df-4217-9e94-b60e71be51b9', 'catalog', 'Product Catalog | S.M. Trade International', '', 'Browse our extensive catalog of premium corporate gifts, ties, crystal awards, leather files, and more.', '', 'corporate gifts catalog, promotional items, branded products', NULL, NULL, '2026-02-20 05:45:16.206917+00'),
('bf44f88a-8f65-46ae-af75-8b045f2372da', 'gallery', 'Project Gallery | S.M. Trade International', '', 'View our past work and delivered corporate gift projects for clients across Bangladesh.', '', 'corporate gifts gallery, past projects, client work', NULL, NULL, '2026-02-20 05:45:16.206917+00'),
('8ba76190-05ad-4950-8ac7-a26c76f96c6f', 'about', 'About Us | S.M. Trade International', '', 'Learn about S.M. Trade International, our mission, vision and commitment to quality corporate gifts.', '', 'about sm trade international, corporate gifts company bangladesh', NULL, NULL, '2026-02-20 05:45:16.206917+00')
ON CONFLICT (id) DO NOTHING;

-- ============================================================
-- 9. SITE SETTINGS (5 rows)
-- ============================================================
INSERT INTO site_settings (id, setting_key, setting_value, updated_at) VALUES
('f124d01e-48dc-45c9-8592-a92dcedd7a68', 'hero', '{"title_en":"Premium Customized Corporate Gifts & Promotional Products","title_bn":"প্রিমিয়াম কাস্টমাইজড কর্পোরেট গিফট ও প্রমোশনাল পণ্য","subtitle_en":"We customize your brand identity with quality, precision and professionalism.","subtitle_bn":"আমরা আপনার ব্র্যান্ড পরিচয় মানসম্মতভাবে, নির্ভুলতার সাথে এবং পেশাদারিত্বের মাধ্যমে কাস্টমাইজ করি।"}', '2026-02-15 06:55:30.345267+00'),
('cb6ac5ff-d2fa-4404-a894-416048d365f5', 'about', '{"title_en":"About Us","title_bn":"আমাদের সম্পর্কে","description_en":"S.M. Trade International is a leading trading company specializing in customized promotional and corporate gift items.","description_bn":"এস.এম. ট্রেড ইন্টারন্যাশনাল একটি শীর্ষস্থানীয় ট্রেডিং কোম্পানি যা কাস্টমাইজড প্রমোশনাল ও কর্পোরেট গিফট আইটেমে বিশেষজ্ঞ।","stats":[{"value":"10+","label_en":"Years Experience","label_bn":"বছরের অভিজ্ঞতা"},{"value":"200+","label_en":"Happy Clients","label_bn":"সন্তুষ্ট ক্লায়েন্ট"},{"value":"5000+","label_en":"Products Delivered","label_bn":"পণ্য সরবরাহ"},{"value":"50+","label_en":"Categories","label_bn":"ক্যাটাগরি"}]}', '2026-02-15 06:55:30.345267+00'),
('ae828e7a-efb0-4177-a26e-5256efcc71f5', 'contact', '{"email":"smtrade.int94@gmail.com","phone":"+88 01867666888","phone2":"+88 02224446664","whatsapp":"8801867666888","address_en":"Dhaka, Bangladesh","address_bn":"ঢাকা, বাংলাদেশ"}', '2026-02-15 06:55:30.345267+00'),
('a9b9efb2-c4c4-4194-9968-ddf4a7b17424', 'seo', '{"title":"S.M. Trade International | Premium Customized Corporate Gifts","description":"Premium customized corporate gifts & promotional products for government and private organizations in Bangladesh.","keywords":"corporate gifts Bangladesh, customized promotional products, branded gifts Dhaka"}', '2026-02-15 06:55:30.345267+00'),
('17805209-5785-4816-900a-2d2fd9ec0f44', 'footer', '{"description_en":"Your trusted partner for customized corporate gifts & promotional products.","description_bn":"কাস্টমাইজড কর্পোরেট গিফট ও প্রমোশনাল পণ্যের আপনার বিশ্বস্ত অংশীদার।"}', '2026-02-15 06:55:30.345267+00')
ON CONFLICT (id) DO NOTHING;

-- Re-enable triggers
SET session_replication_role = 'origin';

-- Verify counts
SELECT 'categories' AS table_name, COUNT(*) AS rows FROM categories
UNION ALL SELECT 'products', COUNT(*) FROM products
UNION ALL SELECT 'product_variants', COUNT(*) FROM product_variants
UNION ALL SELECT 'product_images', COUNT(*) FROM product_images
UNION ALL SELECT 'client_logos', COUNT(*) FROM client_logos
UNION ALL SELECT 'gallery', COUNT(*) FROM gallery
UNION ALL SELECT 'about_page', COUNT(*) FROM about_page
UNION ALL SELECT 'seo_meta', COUNT(*) FROM seo_meta
UNION ALL SELECT 'site_settings', COUNT(*) FROM site_settings
ORDER BY table_name;
